"id","mode","profile","created_at","updated_at"
"1","vendor","Vendor Admin","2021-05-05 00:27:22","2021-05-05 00:27:22"
"2","vendor","Agent","2021-05-05 00:27:22","2021-05-05 00:27:22"
"3","vendor","Supervisor","2021-05-05 00:27:22","2021-05-05 00:27:22"
"4","globe","GT Admin","2021-05-05 00:27:22","2021-05-05 00:27:22"
"5","globe","STS Vendor Admin","2021-05-05 00:27:22","2021-05-05 00:27:22"
"6","globe","STS Staff","2021-05-05 00:27:22","2021-05-07 02:31:21"
"7","globe","STS Head","2021-05-05 00:27:22","2021-05-06 08:38:58"
"8","globe","Program Staff","2021-05-05 00:27:22","2021-05-05 00:27:22"
"9","globe","Program Supervisor","2021-05-05 00:27:22","2021-05-05 00:27:22"
"10","globe","Program Head","2021-05-05 00:27:22","2021-05-05 00:27:22"
"11","globe","Super User","2021-05-05 00:27:22","2021-05-05 00:27:22"
"12","globe","APMO","2021-05-05 00:27:22","2021-05-05 00:27:22"
